{"timestamp": "2025-12-16T00:58:50.992145", "cycle": 0, "nozzle_cmd": [50.0, 98.0], "sensor_cmd": [50.0, 50.0], "toolhead_real": {"x": 50.0, "y": 98.0, "z": 1.0}, "target_z": 1.0, "eddy": 2.679808122848124}
