{"timestamp": "2025-12-14T18:08:32.891118", "cycle": 1, "nozzle": [150.0, 150.0], "sensor": [150.0, 150.0], "target_z": 0.0, "eddy": 0.9796069379600838}
